<?xml version="1.0" encoding="UTF-8"?>
<metadata xml:lang="en">
	<idinfo>
		<citation>
			<citeinfo>
				<origin>Virginia Department of Conservation and Recreation, Division of Natural Heritage</origin>
				<pubdate>Unpublished material</pubdate>
				<title>gewa_veg_map_boundary_18_83</title>
				<geoform>vector digital data</geoform>
				<onlink>http://biology.usgs.gov/npsveg/gewa/index.html#geospatial_veg_info</onlink>
				<lworkcit>
					<citeinfo>
						<origin>National Park Service, Water Resources Division</origin>
						<pubdate>20010503</pubdate>
						<title>National Park System Boundary Dataset</title>
						<geoform>vector digital data</geoform>
						<othercit>This dataset contains 342 National Park System unit boundaries. Under the jurisdiction of the National Park Service (NPS), these park units are located throughout the United States (U.S.) and its territories.  The dataset was compiled (and edited) from a variety sources: park-based GIS databases; U.S. Geological Survey 7.5' 1:24,000 quadrangles; NPS Park Land Status Maps; legal descriptions; etc.). The boundaries are in Latitude-Longitude (Clarke 1866-NAD27) decimal degrees. The ID_ field contains the unique 4 character park code identifying each park. The NAME1_ field contains the full park name. The NAME2_ field contains information about the source, scale, and date of the boundary. The boundaries are generally the designated boundary.  Inholdings may or may not be shown depending on the park.  To obtain the most accurate, current boundary, users should contact the specific park.</othercit>
					</citeinfo>
				</lworkcit>
				<ftname Sync="TRUE">gewa_boundary</ftname></citeinfo>
		</citation>
		<descript>
			<abstract>This shapefile represents the boundaries of George Washington Birthplace National Monument (GEWA).  It was taken from the National Park System Boundary Dataset created by the National Park Service, Water Resources Division.
</abstract>
			<purpose>These data should not be used for any legal boundary disputes. They are derived from a data set intended solely for use in identifying the general locations of national park units throughout the U.S.  This shapefile was created to provide a general representation of the GEWA boundary for the vegetation classification and mapping completed by the Virginia Department of Conservation and Recreation, Division of Natural Heritage in July 2008.</purpose>
			<langdata Sync="TRUE">en</langdata></descript>
		<timeperd>
			<timeinfo>
				<sngdate>
					<caldate>20010503</caldate>
				</sngdate>
			</timeinfo>
			<current>publication date of source data</current>
		</timeperd>
		<status>
			<progress>Complete</progress>
			<update>None planned.</update>
		</status>
		<spdom>
			<descgeog>George Washington Birthplace National Monument and environs</descgeog>
			<bounding>
				<westbc>-76.934894</westbc>
				<eastbc>-76.905235</eastbc>
				<northbc>38.202284</northbc>
				<southbc>38.181862</southbc>
			</bounding>
			<lboundng>
				<leftbc>330580.420972</leftbc>
				<rightbc>333133.130377</rightbc>
				<bottombc>4227761.540759</bottombc>
				<topbc>4229975.810084</topbc>
			</lboundng>
		</spdom>
		<keywords>
			<theme>
				<themekt>None</themekt>
				<themekey>National Park Boundaries</themekey>
				<themekey>Federal Lands</themekey>
				<themekey>Boundaries</themekey>
				<themekey>National Park System</themekey>
				<themekey>National Parks</themekey>
				<themekey>Preserved Areas</themekey>
			</theme>
			<place>
				<placekt>National Park System Unit Name Thesaurus</placekt>
				<placekey>George Washington Birthplace National Monument</placekey>
			</place>
			<place>
				<placekt>National Park System Unit Code Thesaurus</placekt>
				<placekey>GEWA</placekey>
			</place>
			<place>
				<placekt>Geographic Names Information System</placekt>
				<placekey>Virginia</placekey>
				<placekey>Westmoreland County, Virginia</placekey>
			</place>
		</keywords>
		<accconst>None</accconst>
		<useconst>This dataset should not be used for any legal boundary disputes.  To obtain the most accurate, current boundary, users should contact the park.  The National Park Service shall not be held liable for improper or incorrect use of the data described and/or contained herein.  These data are not legal documents and are not intended to be used as such.

The information contained in these data is dynamic and may change over time.  The data are no better than the original sources from which they were derived.  It is the responsibility of the data user to use the data appropriately and consistent within the limitations of geospatial data in general and these data in particular.

The National Park Service gives no warranty, expressed or implied, as to the accuracy, reliability, or completeness of these data.  It is strongly recommended that these data are directly acquired from an NPS server and not indirectly through other sources which may have changed the data in some way.  Although these data have been processed successfully on a computer system at the National Park Service, no warranty expressed or implied is made regarding the utility of the data on another system or for general or scientific purposes, nor shall the act of distribution constitute any such warranty. This disclaimer applies both to individual use of the data and aggregate use with other data.</useconst>
		<natvform>Shapefile</natvform>
		<native Sync="TRUE">Microsoft Windows Vista Version 6.1 (Build 7600) ; ESRI ArcCatalog 9.3.1.4000</native></idinfo>
	<dataqual>
		<attracc>
			<attraccr>None</attraccr>
		</attracc>
		<logic>None</logic>
		<complete>None</complete>
		<posacc>
			<horizpa>
				<horizpar>None.  The data appear to align spatially with other available digital geospatial data.</horizpar>
			</horizpa>
		</posacc>
		<lineage>
			<srcinfo>
				<srccite>
					<citeinfo>
						<origin>National Park Service, Water Resources Division</origin>
						<pubdate>20010503</pubdate>
						<title>National Park System Boundary Dataset</title>
						<geoform>vector digital data</geoform>
						<pubinfo>
							<pubplace>Fort Collins, CO</pubplace>
							<publish>National Park Service</publish>
						</pubinfo>
					</citeinfo>
				</srccite>
				<srcscale>24000</srcscale>
				<typesrc>digital</typesrc>
				<srctime>
					<timeinfo>
						<sngdate>
							<caldate>20010503</caldate>
						</sngdate>
					</timeinfo>
					<srccurr>publication date</srccurr>
				</srctime>
				<srccitea>National Park Boundary Dataset</srccitea>
				<srccontr>The boundary file for GEWA was extrated from the National Park Boundary Dataset.</srccontr>
			</srcinfo>
			<procstep>
				<procdesc>Polygons representing GEWA were selected from the National Park Boundary Dataset and saved as a new shapefile.  The new shapefile was then reprojected.</procdesc>
				<srcused>National Park Boundary Dataset</srcused>
				<procdate>2001</procdate>
			</procstep>
			<procstep><procdesc Sync="TRUE">Metadata imported.</procdesc><srcused Sync="TRUE">C:\work\nps_posting_veg_map_data\gewa\metadata_for_posting\revised_for_posting\park_boundary\metagewabdy.xml</srcused><date Sync="TRUE">20081004</date><time Sync="TRUE">12573500</time></procstep></lineage>
	</dataqual>
	<spdoinfo>
		<direct>Vector</direct>
		<ptvctinf>
			<esriterm Name="gewa_boundary">
				<efeatyp>Simple</efeatyp>
				<efeageom>Polygon</efeageom>
				<esritopo>FALSE</esritopo>
				<efeacnt>2</efeacnt>
				<spindex>TRUE</spindex>
				<linrefer>FALSE</linrefer>
			</esriterm>
			<sdtsterm Name="gewa_boundary">
				<sdtstype>G-polygon</sdtstype>
				<ptvctcnt>2</ptvctcnt>
			</sdtsterm>
		</ptvctinf>
	</spdoinfo>
	<spref>
		<horizsys>
			<cordsysn>
				<geogcsn>GCS_North_American_1983</geogcsn>
				<projcsn>NAD_1983_UTM_Zone_18N</projcsn>
			</cordsysn>
			<planar>
				<planci>
					<plance>coordinate pair</plance>
					<plandu>meters</plandu>
					<coordrep>
						<absres>0.000001</absres>
						<ordres>0.000001</ordres>
					</coordrep>
				</planci>
				<gridsys><gridsysn Sync="TRUE">Universal Transverse Mercator</gridsysn><utm><utmzone Sync="TRUE">18</utmzone><transmer><sfctrmer Sync="TRUE">0.999600</sfctrmer><longcm Sync="TRUE">-75.000000</longcm><latprjo Sync="TRUE">0.000000</latprjo><feast Sync="TRUE">500000.000000</feast><fnorth Sync="TRUE">0.000000</fnorth></transmer></utm></gridsys></planar>
			<geodetic>
				<horizdn>North American Datum of 1983</horizdn>
				<ellips>Geodetic Reference System 80</ellips>
				<semiaxis>6378137.000000</semiaxis>
				<denflat>298.257222</denflat>
			</geodetic>
		</horizsys>
	</spref>
	<eainfo>
		<detailed Name="gewa_boundary">
			<enttyp>
				<enttypl>gewa_veg_map_boundary_18_83</enttypl>
				<enttypd>Shapefile attribute table</enttypd>
				<enttypds>ESRI</enttypds>
				<enttypt Sync="TRUE">Feature Class</enttypt><enttypc Sync="TRUE">2</enttypc></enttyp>
			<attr>
				<attrlabl>FID</attrlabl>
				<attalias>FID</attalias>
				<attrtype>OID</attrtype>
				<attwidth>4</attwidth>
				<atprecis>0</atprecis>
				<attscale>0</attscale>
				<attrdef>Internal feature number.</attrdef>
				<attrdefs>ESRI</attrdefs>
				<attrdomv>
					<udom>Sequential unique whole numbers that are automatically generated.</udom>
				</attrdomv>
			</attr>
			<attr>
				<attrlabl>Shape</attrlabl>
				<attalias>Shape</attalias>
				<attrtype>Geometry</attrtype>
				<attwidth>0</attwidth>
				<atprecis>0</atprecis>
				<attscale>0</attscale>
				<attrdef>Feature geometry.</attrdef>
				<attrdefs>ESRI</attrdefs>
				<attrdomv>
					<udom>Coordinates defining the features.</udom>
				</attrdomv>
			</attr>
			<attr>
				<attrlabl>LABEL</attrlabl>
				<attalias>LABEL</attalias>
				<attrtype>String</attrtype>
				<attwidth>55</attwidth>
				<attrdef>Park name from source dataset</attrdef>
				<attrdefs>National Park Service, Water Resources Division</attrdefs>
				<attrdomv>
					<edom>
						<edomv>George Washington Birthplace National Park</edomv>
						<edomvd>Park name from source dataset</edomvd>
						<edomvds>National Park Service, Water Resources Division</edomvds>
					</edom>
				</attrdomv>
			</attr>
		</detailed>
	</eainfo>
	<distinfo>
		<distrib>
			<cntinfo>
				<cntorgp>
					<cntorg>USGS Center for Biological Informatics</cntorg>
				</cntorgp>
				<cntpos>USGS-NPS Vegetation Mapping Program Coordinator</cntpos>
				<cntaddr>
					<addrtype>mailing and physical address</addrtype>
					<address>United States Geological Survey, Center for Biological Informatics</address>
					<address>MS 302, Bldg 810, Room 8000</address>
					<address>Denver Federal Center</address>
					<city>Denver</city>
					<state>Colorado</state>
					<postal>80225</postal>
					<country>USA</country>
				</cntaddr>
				<cntvoice>303 202-4220</cntvoice>
				<cntfax>303 202-4219</cntfax>
				<cntfax>303 202-4229</cntfax>
				<cntemail>gs-b-npsveg@usgs.gov</cntemail>
			</cntinfo>
		</distrib>
		<resdesc>Downloadable Data</resdesc>
		<distliab>The National Park Service shall not be held liable for improper or incorrect use of the data described and/or contained herein.  These data are not legal documents and are not intended to be used as such.

The information contained in these data is dynamic and may change over time.  The data are no better than the original sources from which they were derived.  It is the responsibility of the data user to use the data appropriately and consistent within the limitations of geospatial data in general and these data in particular.

The National Park Service gives no warranty, expressed or implied, as to the accuracy, reliability, or completeness of these data.  It is strongly recommended that these data are directly acquired from an NPS server and not indirectly through other sources which may have changed the data in some way.  Although these data have been processed successfully on a computer system at the National Park Service, no warranty expressed or implied is made regarding the utility of the data on another system or for general or scientific purposes, nor shall the act of distribution constitute any such warranty. This disclaimer applies both to individual use of the data and aggregate use with other data.</distliab>
		<stdorder>
			<digform>
				<digtinfo>
					<formname>HTML</formname>
					<transize Sync="TRUE">0.008</transize><dssize Sync="TRUE">0.008</dssize></digtinfo>
				<digtopt>
					<onlinopt>
						<computer>
							<networka>
								<networkr>http://biology.usgs.gov/npsveg/gewa/index.html#geospatial_veg_info</networkr>
							</networka>
						</computer>
						<accinstr>Internet Access</accinstr>
					</onlinopt>
				</digtopt>
			</digform>
			<fees>None</fees>
		</stdorder>
	</distinfo>
	<metainfo>
		<metstdn>FGDC Content Standards for Digital Geospatial Metadata</metstdn>
		<metstdv>FGDC-STD-001-1998</metstdv>
		<mettc>local time</mettc>
		<metc>
			<cntinfo>
				<cntorgp>
					<cntorg>USGS-NPS Vegetation Mapping Program Coordinator</cntorg>
					<cntper>REQUIRED: The person responsible for the metadata information.</cntper></cntorgp>
				<cntaddr>
					<addrtype>mailing and physical address</addrtype>
					<address>
U.S. Geological Survey, Center for Biological Informatics, MS 302,
Room 8000, Building 810, Denver Federal Center
</address>
					<city>Denver</city>
					<state>Colorado</state>
					<postal>80225</postal>
					<country>USA</country>
				</cntaddr>
				<cntvoice>(303) 202-4220</cntvoice>
				<cntfax>(303) 202-4219</cntfax>
				<cntemail>gs-b-npsveg@usgs.gov</cntemail>
			</cntinfo>
		</metc>
		<metd>20080912</metd>
		<metextns>
			<onlink>http://metadata.nbii.gov/portal/community/Communities/Toolkit/Metadata/FGDC_Metadata/</onlink>
			<metprof>Biological Data Profile FGDC-STD-001.1-1999</metprof>
		</metextns>
		<langmeta Sync="TRUE">en</langmeta><metextns><onlink Sync="TRUE">http://www.esri.com/metadata/esriprof80.html</onlink><metprof Sync="TRUE">ESRI Metadata Profile</metprof></metextns></metainfo>
	<Esri><MetaID>{1E1C1FAE-FE86-4D34-8418-0F50C44651F7}</MetaID><CreaDate>20081004</CreaDate><CreaTime>12573500</CreaTime><SyncOnce>FALSE</SyncOnce><SyncDate>20100927</SyncDate><SyncTime>10180200</SyncTime><ModDate>20100927</ModDate><ModTime>10180200</ModTime></Esri><dataIdInfo><envirDesc Sync="TRUE">Microsoft Windows Vista Version 6.1 (Build 7600) ; ESRI ArcCatalog 9.3.1.4000</envirDesc><dataLang><languageCode Sync="TRUE" value="en"></languageCode></dataLang><idCitation><resTitle Sync="TRUE">gewa_boundary</resTitle><presForm><PresFormCd Sync="TRUE" value="005"></PresFormCd></presForm></idCitation><spatRpType><SpatRepTypCd Sync="TRUE" value="001"></SpatRepTypCd></spatRpType><dataExt><geoEle><GeoBndBox esriExtentType="native"><westBL Sync="TRUE">330580.420972</westBL><eastBL Sync="TRUE">333133.130377</eastBL><northBL Sync="TRUE">4229975.810084</northBL><southBL Sync="TRUE">4227761.540759</southBL><exTypeCode Sync="TRUE">1</exTypeCode></GeoBndBox></geoEle></dataExt><geoBox esriExtentType="decdegrees"><westBL Sync="TRUE">-76.934894</westBL><eastBL Sync="TRUE">-76.905235</eastBL><northBL Sync="TRUE">38.202284</northBL><southBL Sync="TRUE">38.181862</southBL><exTypeCode Sync="TRUE">1</exTypeCode></geoBox></dataIdInfo><mdLang><languageCode Sync="TRUE" value="en"></languageCode></mdLang><mdStanName Sync="TRUE">ISO 19115 Geographic Information - Metadata</mdStanName><mdStanVer Sync="TRUE">DIS_ESRI1.0</mdStanVer><mdChar><CharSetCd Sync="TRUE" value="004"></CharSetCd></mdChar><mdHrLv><ScopeCd Sync="TRUE" value="005"></ScopeCd></mdHrLv><mdHrLvName Sync="TRUE">dataset</mdHrLvName><distInfo><distributor><distorTran><onLineSrc><orDesc Sync="TRUE">002</orDesc><linkage Sync="TRUE">file://\\CAPELOOKOUT\D$\working\GIS550\gewa\gewa_boundary.shp</linkage><protocol Sync="TRUE">Local Area Network</protocol></onLineSrc><transSize Sync="TRUE">0.008</transSize></distorTran><distorFormat><formatName Sync="TRUE">Shapefile</formatName></distorFormat></distributor></distInfo><refSysInfo><RefSystem><refSysID><identCode Sync="TRUE">NAD_1983_UTM_Zone_18N</identCode></refSysID></RefSystem></refSysInfo><spatRepInfo><VectSpatRep><topLvl><TopoLevCd Sync="TRUE" value="001"></TopoLevCd></topLvl><geometObjs Name="gewa_boundary"><geoObjTyp><GeoObjTypCd Sync="TRUE" value="001"></GeoObjTypCd></geoObjTyp><geoObjCnt Sync="TRUE">2</geoObjCnt></geometObjs></VectSpatRep></spatRepInfo><mdDateSt Sync="TRUE">20100927</mdDateSt></metadata>
