<?xml version="1.0"?>
<metadata><NPS_Info><MetaPurp>NPS</MetaPurp><NPS_Unit><UnitCode>GEWA </UnitCode><UnitType>Park </UnitType></NPS_Unit><DatStore><Category>Cultural Resources </Category><DataSite>Other </DataSite><DSteward><cntinfo><cntperp><cntper>Cheryl Sams O'Neill</cntper><cntorg>NPS Northeast Regional Office </cntorg></cntperp><cntpos>CR-GIS Coordinator </cntpos><cntaddr><addrtype>mailing and physical </addrtype><address>200 Chestnut St </address><city>Philadelphia </city><state>PA </state><postal>19106 </postal><country>USA </country></cntaddr><cntvoice>215-597-5822 </cntvoice><cntemail>cheryl_sams@nps.gov </cntemail></cntinfo></DSteward></DatStore></NPS_Info><idinfo><citation><citeinfo><origin>Cheryl Sams O'Neill</origin><origin>Joel Smith</origin><origin>Sarah Chapin</origin><origin>Bill Slocumb</origin><pubdate>Unpublished Material</pubdate><title Sync="TRUE">vegetation_poly</title><onlink>\\INPNEPH59990\C$\GEWA\CR-GIS\Shapefiles\buildings_and_structures_poly.shp</onlink><geoform Sync="TRUE">vector digital data</geoform><ftname Sync="TRUE">vegetation_poly</ftname></citeinfo></citation><descript><abstract>This shapefile represents the Vegetation (as polygons) found at George Washington Birthplace National Monument based on the Cultural Landscape Report completed in July 1999 by OCULUS of Charlottesville, VA in association with FPW Architects of Charlottesville, VA and John Milner Associates of Alexandria, VA.</abstract><purpose>This shapefile was part of a project to document cultural resources at George Washington Birthplace National Monument. It was completed by the National Park Service Northeast Regional Office, Philadelphia, Pennsylvania.</purpose><langdata Sync="TRUE">en</langdata></descript><timeperd><timeinfo><sngdate><caldate>200608</caldate></sngdate></timeinfo><current>publication date</current></timeperd><status><progress>Complete</progress><update>As needed</update></status><spdom><bounding><westbc Sync="TRUE">-76.931326</westbc><eastbc Sync="TRUE">-76.909243</eastbc><northbc Sync="TRUE">38.199721</northbc><southbc Sync="TRUE">38.183069</southbc></bounding><lboundng><leftbc Sync="TRUE">330887.185938</leftbc><rightbc Sync="TRUE">332784.577161</rightbc><bottombc Sync="TRUE">4227889.201471</bottombc><topbc Sync="TRUE">4229698.531623</topbc></lboundng></spdom><keywords><theme><themekt>none</themekt><themekey>Vegetation</themekey><themekey>Trees</themekey><themekey>Forest</themekey><themekey>Grove</themekey></theme><theme><themekt>National Park Service Theme Category Thesaurus</themekt><themekey>Cultural Resources</themekey></theme><theme><themekt>ISO 19115 Topic Category</themekt><themekey>vegetation </themekey></theme><place><placekt>none</placekt><placekey>George Washington Birthplace National Monument</placekey><placekey>Westmoreland</placekey><placekey>Virginia</placekey></place><place><placekt>National Park System Unit Name Thesaurus</placekt><placekey>George Washington Birthplace National Monument</placekey></place><place><placekt>National Park System Unit Code Thesaurus</placekt><placekey>GEWA</placekey></place></keywords><accconst>None</accconst><useconst>None</useconst><ptcontac><cntinfo><cntperp><cntper>Cheryl Sams O'Neill</cntper><cntorg>National Park Service</cntorg></cntperp><cntpos>NPS Regional Cultural Resource GIS Coordinator</cntpos><cntaddr><addrtype>mailing and physical address</addrtype><address>200 Chestnut Street, 3rd Floor</address><city>Philadelphia</city><state>PA</state><postal>19106</postal><country>USA</country></cntaddr><cntvoice>215-597-5822</cntvoice><cntfax>215-597-6599</cntfax><cntemail>cheryl_sams@nps.gov</cntemail><hours>0900 - 1700</hours><cntinst>Prefer email contact.</cntinst></cntinfo></ptcontac><native Sync="TRUE">Microsoft Windows XP Version 5.1 (Build 2600) Service Pack 2; ESRI ArcCatalog 9.1.0.722</native><natvform Sync="TRUE">Shapefile</natvform></idinfo><dataqual><attracc><attraccr>Assume 100% accurate based on the manual comparison of source documents and spatial data, and discussions with park and regional staff.</attraccr></attracc><logic>ESRI polygon geometry exists</logic><complete>All  buildings and structures represented as polygons within the George Washington Birthplace CLR are indicated here.</complete><posacc><horizpa><horizpar>
Overall positional accuracy of 1.54 meters
1.07 meters in the x direction
1.28 meters in the y direction
Meets the NMAS Class 1 map standard for x, NMAS Class 1 map standard for y
Horizontal accuracy was assessed on the basis of 20 field survey points distributed throughout the image.  The actual field coordinates for these points were recorded with a Trimble ProXRS GPS unit with real-time differential correction with a minimum of 180 fixes per point.  The field coordinates were then compared to the image mosaic coordinates for these points, determined in ESRI ArcView 3.3 software.
</horizpar></horizpa></posacc><lineage><srcinfo><srccite><citeinfo><origin>OCULUS, Charlottesville, VA</origin><origin>FPW Architects, Charlottesville, VA</origin><origin>John Milner Associates, Alexander, VA</origin><pubdate>199907</pubdate><title>George Washington Birthplace Cultural Landscape Report</title><edition>final report</edition><geoform>document</geoform></citeinfo></srccite><typesrc>paper</typesrc><srctime><timeinfo><sngdate><caldate>199907</caldate></sngdate></timeinfo><srccurr>publication date</srccurr></srctime><srccitea>GEWA CLR</srccitea><srccontr>This source provided the list of features used to describe the cultural landscape.</srccontr></srcinfo><srcinfo><srccite><citeinfo><origin>North Carolina State University, Center for Earth Observation</origin><pubdate>20021002</pubdate><title>George Washington Birthplace Color Infrared Orthorectified Photomosaic (ERDAS Imagine IMG and Mr. SID formats)</title><geoform>raster digital data</geoform><othercit>Photography taken on 10-03-2001</othercit></citeinfo></srccite><typesrc>CD-ROM</typesrc><srctime><timeinfo><sngdate><caldate>20011003</caldate></sngdate></timeinfo><srccurr>ground condition</srccurr></srctime><srccitea>mosaic</srccitea><srccontr>spatial locational reference</srccontr></srcinfo><procstep><procdesc>All features in the GEWA CLR were located on the mosaic and heads-up digitized.  In addition, attributes were added from several different cultural resources databases: ASMIS, LCS, FMSS, and CLI.</procdesc><procdate>200608</procdate><proccont><cntinfo><cntperp><cntper>Cheryl Sams O'Neill</cntper><cntorg>NPS Northeast Regional Office</cntorg></cntperp><cntpos>Cultural Resources GIS Coordinator</cntpos><cntaddr><addrtype>mailing address</addrtype><address>200 Chestnut St</address><city>Philadelphia</city><state>PA</state><postal>19106</postal></cntaddr><cntvoice>215-597-5822</cntvoice><cntfax>215-597-6599</cntfax><cntemail>cheryl_sams@nps.gov</cntemail><hours>0900 - 1700</hours><cntinst>Prefer email contact.</cntinst></cntinfo></proccont></procstep><procstep><procdesc Sync="TRUE">Dataset copied.</procdesc><srcused Sync="TRUE">C:\working\gewa\cr_gis\metadatas20060821\vegetation_poly.shp</srcused><date Sync="TRUE">20060928</date><time Sync="TRUE">12420800</time></procstep><procstep><procdesc Sync="TRUE">Dataset copied.</procdesc><srcused Sync="TRUE">D:\working\gewa\cr_gis\cheryl20060728\vegetation_poly</srcused><procdate Sync="TRUE">20100217</procdate><proctime Sync="TRUE">14573500</proctime></procstep></lineage></dataqual><spdoinfo><direct Sync="TRUE">Vector</direct><ptvctinf><sdtsterm Name="vegetation_poly"><sdtstype Sync="TRUE">G-polygon</sdtstype><ptvctcnt Sync="TRUE">48</ptvctcnt></sdtsterm><esriterm Name="vegetation_poly"><efeatyp Sync="TRUE">Simple</efeatyp><efeageom Sync="TRUE">Polygon</efeageom><esritopo Sync="TRUE">FALSE</esritopo><efeacnt Sync="TRUE">48</efeacnt><spindex Sync="TRUE">TRUE</spindex><linrefer Sync="TRUE">FALSE</linrefer></esriterm></ptvctinf></spdoinfo><spref><horizsys><planar><planci><plance Sync="TRUE">coordinate pair</plance><coordrep><absres Sync="TRUE">0.000001</absres><ordres Sync="TRUE">0.000001</ordres></coordrep><plandu Sync="TRUE">meters</plandu></planci><gridsys><gridsysn Sync="TRUE">Universal Transverse Mercator</gridsysn><utm><utmzone Sync="TRUE">18</utmzone><transmer><sfctrmer Sync="TRUE">0.999600</sfctrmer><longcm Sync="TRUE">-75.000000</longcm><latprjo Sync="TRUE">0.000000</latprjo><feast Sync="TRUE">500000.000000</feast><fnorth Sync="TRUE">0.000000</fnorth></transmer></utm></gridsys></planar><geodetic><horizdn Sync="TRUE">North American Datum of 1983</horizdn><ellips Sync="TRUE">Geodetic Reference System 80</ellips><semiaxis Sync="TRUE">6378137.000000</semiaxis><denflat Sync="TRUE">298.257222</denflat></geodetic><cordsysn><geogcsn Sync="TRUE">GCS_North_American_1983</geogcsn><projcsn Sync="TRUE">NAD_1983_UTM_Zone_18N</projcsn></cordsysn></horizsys></spref><eainfo><detailed Name="vegetation_poly"><enttyp><enttypl Sync="TRUE">vegetation_poly</enttypl><enttypd>Circulation represented as polygon features</enttypd><enttypds>NPS and NCSU</enttypds><enttypt Sync="TRUE">Feature Class</enttypt><enttypc Sync="TRUE">48</enttypc></enttyp><attr><attrlabl>FID</attrlabl><attrdef>Internal feature number.</attrdef><attrdefs>ESRI</attrdefs><attrdomv><udom>Sequential unique whole numbers that are automatically generated.</udom></attrdomv></attr><attr><attrlabl>Shape</attrlabl><attrdef>Feature geometry.</attrdef><attrdefs>ESRI</attrdefs><attrdomv><udom>Coordinates defining the features.</udom></attrdomv></attr><attr><attrlabl>Id</attrlabl><attrdef>Number automatically generated by ArcGIS</attrdef><attrdefs>ESRI</attrdefs><attrdomv><udom>Integer automatically generated by software.</udom></attrdomv><attrtype Sync="TRUE">Number</attrtype><attwidth Sync="TRUE">6</attwidth></attr><attr><attrlabl>CLI_ID_Num</attrlabl><attrdef>Cultural Landscape Identifier</attrdef><attrdefs>National Park Service</attrdefs><attrdomv><codesetd><codesetn>CLI: Cultural Landscape Automated Inventory Management System</codesetn><codesets>National Park Service</codesets></codesetd></attrdomv><attrtype Sync="TRUE">String</attrtype><attwidth Sync="TRUE">75</attwidth></attr><attr><attrlabl>feature</attrlabl><attrdef>Feature name</attrdef><attrdefs>George Washington Birthplace National Monument Cultural Landscape Report (July 1999)</attrdefs><attrdomv><udom>Feature name as describe in the CLR</udom></attrdomv><attrtype Sync="TRUE">String</attrtype><attwidth Sync="TRUE">30</attwidth></attr><attr><attrlabl>contribute</attrlabl><attrdef>Indicates if the feature contributes, does not contribute or is undetermined to contribute to the period of significance defined for the landscape.</attrdef><attrdefs>GEWA CLR (July 1999)</attrdefs><attrdomv><edom><edomv>Non-contributing</edomv><edomvd>The feature does not contribute to the to the period of significance defined for the landscape.</edomvd><edomvds>GEWA CLR (July 1999)</edomvds></edom><edom><edomv>Contributing</edomv><edomvd>The feature contributes to the to the period of significance defined for the landscape.</edomvd><edomvds>GEWA CLR (July 1999)</edomvds></edom><edom><edomv>Undetermined</edomv><edomvd>It is undetermined if the feature does or does not contribute to the to the period of significance defined for the landscape.</edomvd><edomvds>GEWA CLR (July 1999)</edomvds></edom></attrdomv><attrtype Sync="TRUE">Number</attrtype><attwidth Sync="TRUE">9</attwidth></attr><attr><attrlabl>ASMIS_ID</attrlabl><attrdef>Archeological Feature Identifer</attrdef><attrdefs>National Park Service</attrdefs><attrdomv><codesetd><codesetn>ASMIS</codesetn><codesets>National Park Service</codesets></codesetd></attrdomv><attrtype Sync="TRUE">String</attrtype><attwidth Sync="TRUE">10</attwidth></attr><attr><attrlabl>CLAIMS_Pic</attrlabl><attrdef>Photograph associated with feature as outlined in the Cultural Landscape Report</attrdef><attrdefs>GEWA CLR (July 1999)</attrdefs><attrdomv><udom>File name of the photograph associated with the feature as describe in the GEWA CLR</udom></attrdomv><attrtype Sync="TRUE">String</attrtype><attwidth Sync="TRUE">15</attwidth></attr><attr><attrlabl>LCS_Number</attrlabl><attrdef>ID number for the List of Classified Structures</attrdef><attrdefs>LCS</attrdefs><attrdomv><codesetd><codesetn>LCS</codesetn><codesets>National Park Service</codesets></codesetd></attrdomv><attrtype Sync="TRUE">String</attrtype><attwidth Sync="TRUE">50</attwidth></attr><attr><attrlabl>ERI_Num</attrlabl><attrdef>Ethnography Database ID</attrdef><attrdefs>NPS</attrdefs><attrdomv><codesetd><codesetn>ERI</codesetn><codesets>National Park Service</codesets></codesetd></attrdomv><attrtype Sync="TRUE">String</attrtype><attwidth Sync="TRUE">15</attwidth></attr><attr><attrlabl>Condition</attrlabl><attrdef>Feature condition as defined by the CLR</attrdef><attrdefs>CLR</attrdefs><attrdomv><edom><edomv>Good</edomv><edomvd>The feature is considered to be in good condition</edomvd><edomvds>NPS</edomvds></edom><edom><edomv>Fair</edomv><edomvd>The feature is considered to be in fair condition</edomvd><edomvds>NPS</edomvds></edom><edom><edomv>Poor</edomv><edomvd>The feature is considered to be in poor condition</edomvd><edomvds>NPS</edomvds></edom></attrdomv><attrtype Sync="TRUE">String</attrtype><attwidth Sync="TRUE">30</attwidth></attr><attr><attrlabl>FMSS_ID</attrlabl><attrdef>Identification Number for FMSS</attrdef><attrdefs>FMSS</attrdefs><attrdomv><codesetd><codesetn>FMSS</codesetn><codesets>National Park Service</codesets></codesetd></attrdomv><attrtype Sync="TRUE">String</attrtype><attwidth Sync="TRUE">15</attwidth></attr></detailed></eainfo><distinfo><distrib><cntinfo><cntperp><cntper>Cheryl Sams O'Neill</cntper><cntorg>Northeast Regional Office</cntorg></cntperp><cntpos>Cultural Resources GIS Coordinator</cntpos><cntaddr><addrtype>mailing and physical address</addrtype><address>200 Chestnut St</address><city>Philadelphia</city><state>PA</state><postal>19106</postal><country>USA</country></cntaddr><cntvoice>215-597-5822</cntvoice><cntfax>919-597-6599</cntfax><cntemail>cheryl_sams@nps.gov</cntemail><hours>0900 - 1700</hours></cntinfo></distrib><distliab>The National Park Service shall not be held liable for improper or incorrect use of the data described and/or contained herein. These data and related graphics (i.e. "GIF or JPG" format files) are not legal documents and are not intended to be used as such. The information contained in these data is dynamic and may change over time. The data are not better than the original sources from which they were derived. It is the responsibility of the data user to use the data appropriately and consistent within the limitations of geospatial data in general and these data in particular. The related graphics are intended to aid the data user in acquiring relevant data; it is not appropriate to use the related graphics as data. The National Park Service gives no warranty, expressed or implied, as to the accuracy, reliability, or completeness of these data. It is strongly recommended that these data are directly acquired from an NPS server and not indirectly through other sources which may have changed the data in some way. Although these data have been processed successfully on computer systems at the National Park Service , no warranty expressed or implied is made regarding the utility of the data on other systems for general or scientific purposes, nor shall the act of distribution constitute any such warranty. This disclaimer applies both to individual use of the data and aggregate use with other data.</distliab><stdorder><digform><digtinfo><formname>SHP</formname><transize>0.011</transize><dssize Sync="TRUE">1.092</dssize></digtinfo></digform><fees>None</fees></stdorder><resdesc>Downloadable Data</resdesc></distinfo><metainfo><metd Sync="TRUE">20060928</metd><metc><cntinfo><cntperp><cntper>Cheryl Sams O'Neill</cntper><cntorg>NPS Northeast Regional Office</cntorg></cntperp><cntaddr><addrtype>mailing and physical address</addrtype><address>200 Chestnut St</address><city>Philadelphia</city><state>PA</state><postal>19106</postal><country>USA</country></cntaddr><cntvoice>215-597-5822</cntvoice><cntemail>cheryl_sams@nps.gov</cntemail></cntinfo></metc><metstdn Sync="TRUE">FGDC Content Standards for Digital Geospatial Metadata</metstdn><metstdv Sync="TRUE">FGDC-STD-001-1998</metstdv><metextns><onlink>http://www.esri.com/metadata/esriprof80.html</onlink><metprof>ESRI Metadata Profile</metprof></metextns><metextns><onlink>http://www.esri.com/metadata/esriprof80.html</onlink><metprof>ESRI Metadata Profile</metprof></metextns><mettc Sync="TRUE">local time</mettc><langmeta Sync="TRUE">en</langmeta><metextns><onlink Sync="TRUE">http://www.esri.com/metadata/esriprof80.html</onlink><metprof Sync="TRUE">ESRI Metadata Profile</metprof></metextns></metainfo><Esri><CreaDate>20100217</CreaDate><CreaTime>14573500</CreaTime><SyncOnce>FALSE</SyncOnce><SyncDate>20060928</SyncDate><SyncTime>13515300</SyncTime><ModDate>20060928</ModDate><ModTime>13515300</ModTime><MetaID>{83A869D0-2C0B-4226-9685-A57F3A50B113}</MetaID></Esri><dataIdInfo><envirDesc Sync="TRUE">Microsoft Windows XP Version 5.1 (Build 2600) Service Pack 2; ESRI ArcCatalog 9.1.0.722</envirDesc><dataLang><languageCode Sync="TRUE" value="en"></languageCode></dataLang><idCitation><resTitle Sync="TRUE">vegetation_poly</resTitle><presForm><PresFormCd Sync="TRUE" value="005"></PresFormCd></presForm></idCitation><spatRpType><SpatRepTypCd Sync="TRUE" value="001"></SpatRepTypCd></spatRpType><dataExt><geoEle><GeoBndBox esriExtentType="native"><westBL Sync="TRUE">330887.185938</westBL><eastBL Sync="TRUE">332784.577161</eastBL><northBL Sync="TRUE">4229698.531623</northBL><southBL Sync="TRUE">4227889.201471</southBL><exTypeCode Sync="TRUE">1</exTypeCode></GeoBndBox></geoEle></dataExt><geoBox esriExtentType="decdegrees"><westBL Sync="TRUE">-76.931326</westBL><eastBL Sync="TRUE">-76.909243</eastBL><northBL Sync="TRUE">38.199721</northBL><southBL Sync="TRUE">38.183069</southBL><exTypeCode Sync="TRUE">1</exTypeCode></geoBox></dataIdInfo><mdLang><languageCode Sync="TRUE" value="en"></languageCode></mdLang><mdStanName Sync="TRUE">ISO 19115 Geographic Information - Metadata</mdStanName><mdStanVer Sync="TRUE">DIS_ESRI1.0</mdStanVer><mdChar><CharSetCd Sync="TRUE" value="004"></CharSetCd></mdChar><mdHrLv><ScopeCd Sync="TRUE" value="005"></ScopeCd></mdHrLv><mdHrLvName Sync="TRUE">dataset</mdHrLvName><distInfo><distributor><distorTran><onLineSrc><orDesc Sync="TRUE">002</orDesc><linkage Sync="TRUE">file://\\MAYDELL\C$\working\gewa\cr_gis\cheryl20060728\vegetation_poly.shp</linkage><protocol Sync="TRUE">Local Area Network</protocol></onLineSrc><transSize Sync="TRUE">1.092</transSize></distorTran><distorFormat><formatName Sync="TRUE">Shapefile</formatName></distorFormat></distributor></distInfo><refSysInfo><RefSystem><refSysID><identCode Sync="TRUE">NAD_1983_UTM_Zone_18N</identCode></refSysID></RefSystem></refSysInfo><spatRepInfo><VectSpatRep><topLvl><TopoLevCd Sync="TRUE" value="001"></TopoLevCd></topLvl><geometObjs Name="vegetation_poly"><geoObjTyp><GeoObjTypCd Sync="TRUE" value="001"></GeoObjTypCd></geoObjTyp><geoObjCnt Sync="TRUE">48</geoObjCnt></geometObjs></VectSpatRep></spatRepInfo><mdDateSt Sync="TRUE">20060928</mdDateSt></metadata>
