<?xml version="1.0"?>
<!--<!DOCTYPE metadata SYSTEM "http://www.esri.com/metadata/esriprof80.dtd">-->
<metadata xml:lang="en"><Esri><CreaDate>20101008</CreaDate><CreaTime>11173600</CreaTime><SyncOnce>TRUE</SyncOnce><MetaID>{060830C9-E052-459D-AFD1-07EA796C9884}</MetaID></Esri><idinfo><citation><citeinfo><onlink Sync="TRUE">\\CAPELOOKOUT\D$\working\GIS550\SQL_Syntax\gewa_veg</onlink></citeinfo></citation></idinfo><distInfo><distributor><distorTran><onLineSrc><linkage Sync="TRUE">file://\\CAPELOOKOUT\D$\working\GIS550\SQL_Syntax\gewa_veg</linkage><protocol Sync="TRUE">Local Area Network</protocol></onLineSrc></distorTran></distributor></distInfo><dataqual><lineage><procstep><procdesc Sync="TRUE">Dataset copied.</procdesc><srcused Sync="TRUE">D:\working\GIS550\Geodatabase\BigProject\gewa_veg_map_association_2002</srcused><procdate Sync="TRUE">20100929</procdate><proctime Sync="TRUE">13374900</proctime></procstep><procstep><procdesc Sync="TRUE">Dataset copied.</procdesc><srcused Sync="TRUE">D:\working\GIS550\cardinality\gewa_veg</srcused><procdate Sync="TRUE">20101008</procdate><proctime Sync="TRUE">11173600</proctime></procstep></lineage></dataqual></metadata>
